1,1.709897E-019,2.091473E-022,1.711989E-019
2,1.442631E-019,2.009687E-022,1.444641E-019
3,1.277417E-019,1.931103E-022,1.279348E-019
4,1.156199E-019,1.856229E-022,1.158056E-019
5,1.060174E-019,1.794674E-022,1.061969E-019
6,9.806785E-020,1.791032E-022,9.824696E-020
7,9.129329E-020,1.941281E-022,9.148742E-020
8,8.539912E-020,2.370844E-022,8.563621E-020
9,8.018940E-020,3.194135E-022,8.050882E-020
10,7.552660E-020,4.485584E-022,7.597516E-020
11,7.131017E-020,6.271041E-022,7.193727E-020
12,6.746431E-020,8.533726E-022,6.831769E-020
13,6.393053E-020,1.122636E-021,6.505316E-020
14,6.066274E-020,1.428373E-021,6.209112E-020
15,5.762416E-020,1.763303E-021,5.938746E-020
16,5.478503E-020,2.120127E-021,5.690516E-020
17,5.212106E-020,2.491993E-021,5.461306E-020
18,4.961227E-020,2.872764E-021,5.248503E-020
19,4.724212E-020,3.257124E-021,5.049925E-020
20,4.499686E-020,3.640602E-021,4.863746E-020
21,4.286499E-020,4.019530E-021,4.688452E-020
22,4.083686E-020,4.390966E-021,4.522783E-020
23,3.890438E-020,4.752611E-021,4.365699E-020
24,3.706068E-020,5.102719E-021,4.216340E-020
25,3.529994E-020,5.440014E-021,4.073996E-020
26,3.361721E-020,5.763609E-021,3.938082E-020
27,3.200823E-020,6.072940E-021,3.808117E-020
28,3.046930E-020,6.367701E-021,3.683701E-020
29,2.899721E-020,6.647798E-021,3.564501E-020
30,2.758911E-020,6.913304E-021,3.450241E-020
31,2.624243E-020,7.164420E-021,3.340685E-020
32,2.495488E-020,7.401448E-021,3.235633E-020
33,2.372430E-020,7.624766E-021,3.134907E-020
34,2.254871E-020,7.834804E-021,3.038351E-020
35,2.142621E-020,8.032033E-021,2.945824E-020
36,2.035499E-020,8.216947E-021,2.857194E-020
37,1.933331E-020,8.390058E-021,2.772337E-020
38,1.835944E-020,8.551880E-021,2.691132E-020
39,1.743172E-020,8.702930E-021,2.613465E-020
40,1.654848E-020,8.843716E-021,2.539219E-020
41,1.570809E-020,8.974738E-021,2.468283E-020
42,1.490893E-020,9.096487E-021,2.400542E-020
43,1.414940E-020,9.209431E-021,2.335883E-020
44,1.342792E-020,9.314029E-021,2.274194E-020
45,1.274292E-020,9.410719E-021,2.215364E-020
46,1.209286E-020,9.499923E-021,2.159278E-020
47,1.147622E-020,9.582043E-021,2.105827E-020
48,1.089153E-020,9.657465E-021,2.054900E-020
49,1.033733E-020,9.726555E-021,2.006388E-020
50,9.812194E-021,9.789661E-021,1.960185E-020
51,9.314747E-021,9.847116E-021,1.916186E-020
52,8.843647E-021,9.899233E-021,1.874288E-020
53,8.397595E-021,9.946310E-021,1.834391E-020
54,7.975336E-021,9.988632E-021,1.796397E-020
55,7.575661E-021,1.002647E-020,1.760213E-020
56,7.197404E-021,1.006006E-020,1.725747E-020
57,6.839450E-021,1.008967E-020,1.692912E-020
58,6.500725E-021,1.011550E-020,1.661623E-020
59,6.180206E-021,1.013779E-020,1.631799E-020
60,5.876911E-021,1.015672E-020,1.603363E-020
61,5.589910E-021,1.017249E-020,1.576240E-020
62,5.318312E-021,1.018528E-020,1.550359E-020
63,5.061271E-021,1.019526E-020,1.525654E-020
64,4.817983E-021,1.020260E-020,1.502059E-020
65,4.587687E-021,1.020745E-020,1.479513E-020
66,4.369658E-021,1.020994E-020,1.457960E-020
67,4.163212E-021,1.021022E-020,1.437344E-020
68,3.967701E-021,1.020842E-020,1.417612E-020
69,3.782512E-021,1.020465E-020,1.398717E-020
70,3.607066E-021,1.019904E-020,1.380610E-020
71,3.440814E-021,1.019168E-020,1.363250E-020
72,3.283241E-021,1.018269E-020,1.346593E-020
73,3.133859E-021,1.017215E-020,1.330601E-020
74,2.992208E-021,1.016017E-020,1.315238E-020
75,2.857855E-021,1.014682E-020,1.300468E-020
76,2.730391E-021,1.013220E-020,1.286259E-020
77,2.609430E-021,1.011637E-020,1.272580E-020
78,2.494610E-021,1.009940E-020,1.259401E-020
79,2.385589E-021,1.008138E-020,1.246697E-020
80,2.282045E-021,1.006236E-020,1.234441E-020
81,2.183675E-021,1.004241E-020,1.222608E-020
82,2.090193E-021,1.002158E-020,1.211177E-020
83,2.001330E-021,9.999926E-021,1.200126E-020
84,1.916834E-021,9.977508E-021,1.189434E-020
85,1.836466E-021,9.954371E-021,1.179084E-020
86,1.760001E-021,9.930563E-021,1.169056E-020
87,1.687227E-021,9.906126E-021,1.159335E-020
88,1.617947E-021,9.881105E-021,1.149905E-020
89,1.551971E-021,9.855538E-021,1.140751E-020
90,1.489124E-021,9.829464E-021,1.131859E-020
91,1.429239E-021,9.802916E-021,1.123215E-020
92,1.372159E-021,9.775931E-021,1.114809E-020
93,1.317736E-021,9.748538E-021,1.106627E-020
94,1.265831E-021,9.720771E-021,1.098660E-020
95,1.216313E-021,9.692655E-021,1.090897E-020
96,1.169057E-021,9.664219E-021,1.083328E-020
97,1.123947E-021,9.635488E-021,1.075943E-020
98,1.080872E-021,9.606487E-021,1.068736E-020
99,1.039728E-021,9.577239E-021,1.061697E-020
100,1.000418E-021,9.547765E-021,1.054818E-020
101,9.628483E-022,9.518088E-021,1.048094E-020
102,9.269317E-022,9.488224E-021,1.041516E-020
103,8.925854E-022,9.458195E-021,1.035078E-020
104,8.597314E-022,9.428016E-021,1.028775E-020
105,8.282959E-022,9.397706E-021,1.022600E-020
106,7.982091E-022,9.367279E-021,1.016549E-020
107,7.694051E-022,9.336752E-021,1.010616E-020
108,7.418215E-022,9.306137E-021,1.004796E-020
109,7.153993E-022,9.275448E-021,9.990847E-021
110,6.900827E-022,9.244697E-021,9.934780E-021
111,6.658188E-022,9.213899E-021,9.879718E-021
112,6.425577E-022,9.183064E-021,9.825621E-021
113,6.202519E-022,9.152200E-021,9.772452E-021
114,5.988564E-022,9.121320E-021,9.720176E-021
115,5.783291E-022,9.090435E-021,9.668764E-021
116,5.586291E-022,9.059549E-021,9.618178E-021
117,5.397187E-022,9.028676E-021,9.568395E-021
118,5.215615E-022,8.997822E-021,9.519384E-021
119,5.041229E-022,8.966995E-021,9.471118E-021
120,4.873705E-022,8.936201E-021,9.423571E-021
121,4.712734E-022,8.905448E-021,9.376722E-021
122,4.558020E-022,8.874743E-021,9.330546E-021
123,4.409286E-022,8.844092E-021,9.285021E-021
124,4.266264E-022,8.813500E-021,9.240127E-021
125,4.128705E-022,8.782972E-021,9.195843E-021
126,3.996367E-022,8.752516E-021,9.152152E-021
127,3.869024E-022,8.722134E-021,9.109036E-021
128,3.746459E-022,8.691832E-021,9.066478E-021
129,3.628465E-022,8.661613E-021,9.024459E-021
130,3.514848E-022,8.631482E-021,8.982967E-021
131,3.405420E-022,8.601443E-021,8.941986E-021
132,3.300004E-022,8.571500E-021,8.901501E-021
133,3.198430E-022,8.541654E-021,8.861497E-021
134,3.100538E-022,8.511912E-021,8.821966E-021
135,3.006174E-022,8.482274E-021,8.782891E-021
136,2.915191E-022,8.452745E-021,8.744264E-021
137,2.827452E-022,8.423324E-021,8.706069E-021
138,2.742821E-022,8.394016E-021,8.668299E-021
139,2.661174E-022,8.364824E-021,8.630941E-021
140,2.582388E-022,8.335748E-021,8.593987E-021
141,2.506348E-022,8.306791E-021,8.557426E-021
142,2.432945E-022,8.277955E-021,8.521250E-021
143,2.362072E-022,8.249243E-021,8.485450E-021
144,2.293630E-022,8.220652E-021,8.450015E-021
145,2.227523E-022,8.192188E-021,8.414941E-021
146,2.163658E-022,8.163850E-021,8.380216E-021
147,2.101948E-022,8.135641E-021,8.345836E-021
148,2.042311E-022,8.107561E-021,8.311792E-021
149,1.984664E-022,8.079610E-021,8.278076E-021
150,1.928933E-022,8.051791E-021,8.244684E-021
151,1.875042E-022,8.024104E-021,8.211609E-021
152,1.822924E-022,7.996549E-021,8.178841E-021
153,1.772511E-022,7.969127E-021,8.146378E-021
154,1.723737E-022,7.941839E-021,8.114213E-021
155,1.676543E-022,7.914686E-021,8.082341E-021
156,1.630869E-022,7.887667E-021,8.050754E-021
157,1.586658E-022,7.860784E-021,8.019450E-021
158,1.543857E-022,7.834035E-021,7.988421E-021
159,1.502414E-022,7.807423E-021,7.957664E-021
160,1.462279E-022,7.780946E-021,7.927173E-021
161,1.423405E-022,7.754605E-021,7.896945E-021
162,1.385747E-022,7.728400E-021,7.866975E-021
163,1.349259E-022,7.702332E-021,7.837258E-021
164,1.313902E-022,7.676399E-021,7.807789E-021
165,1.279633E-022,7.650602E-021,7.778566E-021
166,1.246415E-022,7.624943E-021,7.749585E-021
167,1.214211E-022,7.599417E-021,7.720838E-021
168,1.182985E-022,7.574029E-021,7.692327E-021
169,1.152702E-022,7.548776E-021,7.664046E-021
170,1.123330E-022,7.523658E-021,7.635991E-021
171,1.094838E-022,7.498675E-021,7.608158E-021
172,1.067195E-022,7.473826E-021,7.580546E-021
173,1.040372E-022,7.449112E-021,7.553149E-021
174,1.014341E-022,7.424532E-021,7.525965E-021
175,9.890744E-023,7.400085E-021,7.498992E-021
176,9.645476E-023,7.375772E-021,7.472226E-021
177,9.407350E-023,7.351591E-021,7.445664E-021
178,9.176128E-023,7.327543E-021,7.419304E-021
179,8.951580E-023,7.303627E-021,7.393142E-021
180,8.733484E-023,7.279841E-021,7.367176E-021
181,8.521627E-023,7.256187E-021,7.341404E-021
182,8.315803E-023,7.232664E-021,7.315822E-021
183,8.115816E-023,7.209270E-021,7.290428E-021
184,7.921473E-023,7.186005E-021,7.265219E-021
185,7.732593E-023,7.162870E-021,7.240196E-021
186,7.548998E-023,7.139862E-021,7.215352E-021
187,7.370520E-023,7.116981E-021,7.190687E-021
188,7.196993E-023,7.094229E-021,7.166198E-021
189,7.028259E-023,7.071602E-021,7.141885E-021
190,6.864167E-023,7.049100E-021,7.117741E-021
191,6.704570E-023,7.026724E-021,7.093770E-021
192,6.549326E-023,7.004473E-021,7.069966E-021
193,6.398299E-023,6.982345E-021,7.046328E-021
194,6.251357E-023,6.960340E-021,7.022853E-021
195,6.108373E-023,6.938458E-021,6.999542E-021
196,5.969224E-023,6.916698E-021,6.976390E-021
197,5.833792E-023,6.895059E-021,6.953397E-021
198,5.701965E-023,6.873540E-021,6.930559E-021
199,5.573629E-023,6.852141E-021,6.907877E-021
200,5.448681E-023,6.830862E-021,6.885348E-021
201,5.327016E-023,6.809700E-021,6.862970E-021
202,5.208536E-023,6.788656E-021,6.840742E-021
203,5.093146E-023,6.767730E-021,6.818661E-021
204,4.980752E-023,6.746920E-021,6.796727E-021
205,4.871265E-023,6.726226E-021,6.774938E-021
206,4.764599E-023,6.705646E-021,6.753292E-021
207,4.660670E-023,6.685180E-021,6.731787E-021
208,4.559398E-023,6.664829E-021,6.710423E-021
209,4.460704E-023,6.644590E-021,6.689197E-021
210,4.364514E-023,6.624464E-021,6.668109E-021
211,4.270754E-023,6.604448E-021,6.647156E-021
212,4.179354E-023,6.584544E-021,6.626338E-021
213,4.090246E-023,6.564749E-021,6.605652E-021
214,4.003363E-023,6.545065E-021,6.585098E-021
215,3.918642E-023,6.525488E-021,6.564675E-021
216,3.836022E-023,6.506019E-021,6.544380E-021
217,3.755441E-023,6.486659E-021,6.524213E-021
218,3.676844E-023,6.467404E-021,6.504172E-021
219,3.600173E-023,6.448255E-021,6.484257E-021
220,3.525374E-023,6.429212E-021,6.464465E-021
221,3.452395E-023,6.410272E-021,6.444796E-021
222,3.381186E-023,6.391437E-021,6.425249E-021
223,3.311696E-023,6.372704E-021,6.405821E-021
224,3.243878E-023,6.354075E-021,6.386514E-021
225,3.177687E-023,6.335546E-021,6.367323E-021
226,3.113077E-023,6.317119E-021,6.348250E-021
227,3.050005E-023,6.298792E-021,6.329292E-021
228,2.988429E-023,6.280565E-021,6.310449E-021
229,2.928308E-023,6.262437E-021,6.291720E-021
230,2.869603E-023,6.244407E-021,6.273103E-021
231,2.812276E-023,6.226474E-021,6.254597E-021
232,2.756289E-023,6.208639E-021,6.236201E-021
233,2.701607E-023,6.190900E-021,6.217917E-021
234,2.648195E-023,6.173257E-021,6.199739E-021
235,2.596018E-023,6.155708E-021,6.181669E-021
236,2.545045E-023,6.138255E-021,6.163705E-021
237,2.495243E-023,6.120895E-021,6.145847E-021
238,2.446582E-023,6.103628E-021,6.128093E-021
239,2.399030E-023,6.086453E-021,6.110443E-021
240,2.352561E-023,6.069370E-021,6.092896E-021
241,2.307145E-023,6.052379E-021,6.075450E-021
242,2.262755E-023,6.035478E-021,6.058105E-021
243,2.219364E-023,6.018667E-021,6.040860E-021
244,2.176946E-023,6.001945E-021,6.023714E-021
245,2.135477E-023,5.985311E-021,6.006666E-021
246,2.094933E-023,5.968766E-021,5.989715E-021
247,2.055289E-023,5.952308E-021,5.972861E-021
248,2.016523E-023,5.935937E-021,5.956103E-021
249,1.978612E-023,5.919653E-021,5.939439E-021
250,1.941535E-023,5.903454E-021,5.922869E-021
251,1.905270E-023,5.887339E-021,5.906391E-021
252,1.869799E-023,5.871310E-021,5.890008E-021
253,1.835099E-023,5.855364E-021,5.873715E-021
254,1.801153E-023,5.839501E-021,5.857513E-021
255,1.767941E-023,5.823721E-021,5.841401E-021
256,1.735446E-023,5.808024E-021,5.825379E-021
257,1.703650E-023,5.792408E-021,5.809444E-021
258,1.672534E-023,5.776872E-021,5.793597E-021
259,1.642084E-023,5.761418E-021,5.777839E-021
260,1.612282E-023,5.746042E-021,5.762165E-021
261,1.583112E-023,5.730747E-021,5.746578E-021
262,1.554560E-023,5.715530E-021,5.731076E-021
263,1.526610E-023,5.700392E-021,5.715658E-021
264,1.499248E-023,5.685330E-021,5.700323E-021
265,1.472459E-023,5.670347E-021,5.685071E-021
266,1.446230E-023,5.655439E-021,5.669901E-021
267,1.420547E-023,5.640608E-021,5.654813E-021
268,1.395398E-023,5.625851E-021,5.639805E-021
269,1.370770E-023,5.611171E-021,5.624879E-021
270,1.346650E-023,5.596564E-021,5.610031E-021
271,1.323026E-023,5.582032E-021,5.595262E-021
272,1.299887E-023,5.567573E-021,5.580572E-021
273,1.277221E-023,5.553186E-021,5.565958E-021
274,1.255017E-023,5.538872E-021,5.551422E-021
275,1.233265E-023,5.524630E-021,5.536963E-021
276,1.211954E-023,5.510460E-021,5.522580E-021
277,1.191073E-023,5.496361E-021,5.508272E-021
278,1.170613E-023,5.482332E-021,5.494038E-021
279,1.150563E-023,5.468372E-021,5.479878E-021
280,1.130916E-023,5.454482E-021,5.465791E-021
281,1.111660E-023,5.440662E-021,5.451779E-021
282,1.092789E-023,5.426910E-021,5.437838E-021
283,1.074291E-023,5.413226E-021,5.423969E-021
284,1.056160E-023,5.399609E-021,5.410170E-021
285,1.038387E-023,5.386059E-021,5.396443E-021
286,1.020963E-023,5.372577E-021,5.382787E-021
287,1.003881E-023,5.359160E-021,5.369199E-021
288,9.871338E-024,5.345809E-021,5.355681E-021
289,9.707129E-024,5.332523E-021,5.342230E-021
290,9.546115E-024,5.319302E-021,5.328849E-021
291,9.388222E-024,5.306146E-021,5.315535E-021
292,9.233384E-024,5.293054E-021,5.302287E-021
293,9.081532E-024,5.280025E-021,5.289106E-021
294,8.932599E-024,5.267059E-021,5.275991E-021
295,8.786524E-024,5.254156E-021,5.262942E-021
296,8.643240E-024,5.241315E-021,5.249958E-021
297,8.502690E-024,5.228536E-021,5.237038E-021
298,8.364811E-024,5.215818E-021,5.224182E-021
299,8.229548E-024,5.203161E-021,5.211391E-021
300,8.096842E-024,5.190564E-021,5.198661E-021
301,7.966637E-024,5.178029E-021,5.185995E-021
302,7.838882E-024,5.165552E-021,5.173391E-021
303,7.713521E-024,5.153135E-021,5.160849E-021
304,7.590505E-024,5.140777E-021,5.148367E-021
305,7.469783E-024,5.128477E-021,5.135947E-021
306,7.351306E-024,5.116236E-021,5.123587E-021
307,7.235028E-024,5.104052E-021,5.111287E-021
308,7.120898E-024,5.091926E-021,5.099047E-021
309,7.008875E-024,5.079857E-021,5.086866E-021
310,6.898912E-024,5.067844E-021,5.074743E-021
311,6.790967E-024,5.055888E-021,5.062679E-021
312,6.684997E-024,5.043987E-021,5.050672E-021
313,6.580960E-024,5.032143E-021,5.038724E-021
314,6.478816E-024,5.020352E-021,5.026831E-021
315,6.378527E-024,5.008617E-021,5.014996E-021
316,6.280053E-024,4.996936E-021,5.003216E-021
317,6.183358E-024,4.985309E-021,4.991493E-021
318,6.088402E-024,4.973736E-021,4.979824E-021
319,5.995153E-024,4.962217E-021,4.968212E-021
320,5.903573E-024,4.950750E-021,4.956654E-021
321,5.813630E-024,4.939335E-021,4.945149E-021
322,5.725289E-024,4.927974E-021,4.933699E-021
323,5.638518E-024,4.916664E-021,4.922302E-021
324,5.553285E-024,4.905406E-021,4.910959E-021
325,5.469558E-024,4.894198E-021,4.899668E-021
326,5.387309E-024,4.883042E-021,4.888429E-021
327,5.306505E-024,4.871936E-021,4.877243E-021
328,5.227119E-024,4.860881E-021,4.866108E-021
329,5.149122E-024,4.849875E-021,4.855025E-021
330,5.072486E-024,4.838919E-021,4.843992E-021
331,4.997184E-024,4.828013E-021,4.833010E-021
332,4.923190E-024,4.817156E-021,4.822079E-021
333,4.850477E-024,4.806347E-021,4.811197E-021
334,4.779020E-024,4.795586E-021,4.800365E-021
335,4.708795E-024,4.784874E-021,4.789582E-021
336,4.639776E-024,4.774209E-021,4.778849E-021
337,4.571941E-024,4.763591E-021,4.768163E-021
338,4.505266E-024,4.753021E-021,4.757526E-021
339,4.439728E-024,4.742497E-021,4.746937E-021
340,4.375305E-024,4.732020E-021,4.736396E-021
341,4.311976E-024,4.721590E-021,4.725902E-021
342,4.249719E-024,4.711205E-021,4.715455E-021
343,4.188514E-024,4.700865E-021,4.705053E-021
344,4.128339E-024,4.690571E-021,4.694699E-021
345,4.069176E-024,4.680322E-021,4.684391E-021
346,4.011005E-024,4.670118E-021,4.674129E-021
347,3.953807E-024,4.659958E-021,4.663912E-021
348,3.897563E-024,4.649842E-021,4.653740E-021
349,3.842254E-024,4.639771E-021,4.643613E-021
350,3.787864E-024,4.629743E-021,4.633531E-021
351,3.734375E-024,4.619759E-021,4.623493E-021
352,3.681770E-024,4.609817E-021,4.613499E-021
353,3.630031E-024,4.599918E-021,4.603548E-021
354,3.579143E-024,4.590062E-021,4.593642E-021
355,3.529090E-024,4.580248E-021,4.583778E-021
356,3.479855E-024,4.570477E-021,4.573957E-021
357,3.431425E-024,4.560747E-021,4.564178E-021
358,3.383783E-024,4.551058E-021,4.554442E-021
359,3.336914E-024,4.541411E-021,4.544748E-021
360,3.290806E-024,4.531804E-021,4.535095E-021
361,3.245443E-024,4.522239E-021,4.525484E-021
362,3.200811E-024,4.512714E-021,4.515915E-021
363,3.156898E-024,4.503229E-021,4.506386E-021
364,3.113690E-024,4.493784E-021,4.496898E-021
365,3.071174E-024,4.484379E-021,4.487450E-021
366,3.029337E-024,4.475014E-021,4.478043E-021
367,2.988167E-024,4.465687E-021,4.468675E-021
368,2.947652E-024,4.456400E-021,4.459348E-021
369,2.907780E-024,4.447151E-021,4.450059E-021
370,2.868539E-024,4.437942E-021,4.440810E-021
371,2.829918E-024,4.428770E-021,4.431600E-021
372,2.791905E-024,4.419636E-021,4.422427E-021
373,2.754490E-024,4.410540E-021,4.413295E-021
374,2.717661E-024,4.401482E-021,4.404200E-021
375,2.681409E-024,4.392461E-021,4.395143E-021
376,2.645723E-024,4.383478E-021,4.386123E-021
377,2.610593E-024,4.374531E-021,4.377142E-021
378,2.576009E-024,4.365621E-021,4.368197E-021
379,2.541961E-024,4.356748E-021,4.359290E-021
380,2.508439E-024,4.347910E-021,4.350419E-021
381,2.475436E-024,4.339109E-021,4.341584E-021
382,2.442940E-024,4.330344E-021,4.332787E-021
383,2.410944E-024,4.321614E-021,4.324025E-021
384,2.379439E-024,4.312920E-021,4.315299E-021
385,2.348415E-024,4.304261E-021,4.306609E-021
386,2.317865E-024,4.295637E-021,4.297955E-021
387,2.287780E-024,4.287047E-021,4.289335E-021
388,2.258152E-024,4.278493E-021,4.280751E-021
389,2.228974E-024,4.269973E-021,4.272202E-021
390,2.200237E-024,4.261486E-021,4.263687E-021
391,2.171933E-024,4.253034E-021,4.255206E-021
392,2.144056E-024,4.244616E-021,4.246760E-021
393,2.116598E-024,4.236231E-021,4.238348E-021
394,2.089551E-024,4.227880E-021,4.229969E-021
395,2.062909E-024,4.219562E-021,4.221625E-021
396,2.036665E-024,4.211277E-021,4.213314E-021
397,2.010812E-024,4.203024E-021,4.205035E-021
398,1.985343E-024,4.194804E-021,4.196789E-021
399,1.960252E-024,4.186617E-021,4.188577E-021
400,1.935532E-024,4.178462E-021,4.180397E-021
401,1.911177E-024,4.170339E-021,4.172250E-021
402,1.887181E-024,4.162247E-021,4.164134E-021
403,1.863538E-024,4.154188E-021,4.156051E-021
404,1.840242E-024,4.146160E-021,4.148000E-021
405,1.817286E-024,4.138163E-021,4.139980E-021
406,1.794666E-024,4.130198E-021,4.131992E-021
407,1.772376E-024,4.122263E-021,4.124035E-021
408,1.750410E-024,4.114359E-021,4.116110E-021
409,1.728763E-024,4.106486E-021,4.108214E-021
410,1.707430E-024,4.098643E-021,4.100350E-021
411,1.686404E-024,4.090830E-021,4.092516E-021
412,1.665682E-024,4.083048E-021,4.084713E-021
413,1.645259E-024,4.075295E-021,4.076940E-021
414,1.625128E-024,4.067572E-021,4.069197E-021
415,1.605286E-024,4.059879E-021,4.061484E-021
416,1.585728E-024,4.052215E-021,4.053801E-021
417,1.566449E-024,4.044581E-021,4.046147E-021
418,1.547445E-024,4.036975E-021,4.038522E-021
419,1.528710E-024,4.029398E-021,4.030927E-021
420,1.510242E-024,4.021851E-021,4.023361E-021
421,1.492034E-024,4.014331E-021,4.015823E-021
422,1.474084E-024,4.006840E-021,4.008314E-021
423,1.456387E-024,3.999377E-021,4.000834E-021
424,1.438939E-024,3.991943E-021,3.993382E-021
425,1.421735E-024,3.984537E-021,3.985958E-021
426,1.404773E-024,3.977158E-021,3.978563E-021
427,1.388048E-024,3.969807E-021,3.971195E-021
428,1.371556E-024,3.962484E-021,3.963855E-021
429,1.355293E-024,3.955187E-021,3.956543E-021
430,1.339257E-024,3.947918E-021,3.949257E-021
431,1.323443E-024,3.940676E-021,3.941999E-021
432,1.307847E-024,3.933461E-021,3.934769E-021
433,1.292467E-024,3.926273E-021,3.927565E-021
434,1.277299E-024,3.919111E-021,3.920388E-021
435,1.262340E-024,3.911975E-021,3.913238E-021
436,1.247586E-024,3.904866E-021,3.906114E-021
437,1.233034E-024,3.897784E-021,3.899017E-021
438,1.218681E-024,3.890726E-021,3.891945E-021
439,1.204523E-024,3.883696E-021,3.884900E-021
440,1.190559E-024,3.876691E-021,3.877881E-021
441,1.176784E-024,3.869711E-021,3.870888E-021
442,1.163196E-024,3.862757E-021,3.863920E-021
443,1.149791E-024,3.855828E-021,3.856978E-021
444,1.136568E-024,3.848924E-021,3.850061E-021
445,1.123523E-024,3.842046E-021,3.843170E-021
446,1.110654E-024,3.835192E-021,3.836303E-021
447,1.097957E-024,3.828363E-021,3.829461E-021
448,1.085431E-024,3.821559E-021,3.822644E-021
449,1.073072E-024,3.814779E-021,3.815852E-021
450,1.060878E-024,3.808024E-021,3.809085E-021
451,1.048846E-024,3.801293E-021,3.802342E-021
452,1.036974E-024,3.794586E-021,3.795623E-021
453,1.025260E-024,3.787903E-021,3.788928E-021
454,1.013701E-024,3.781244E-021,3.782258E-021
455,1.002295E-024,3.774609E-021,3.775611E-021
456,9.910392E-025,3.767997E-021,3.768988E-021
457,9.799316E-025,3.761409E-021,3.762389E-021
458,9.689699E-025,3.754844E-021,3.755813E-021
459,9.581519E-025,3.748302E-021,3.749260E-021
460,9.474757E-025,3.741784E-021,3.742731E-021
461,9.369389E-025,3.735288E-021,3.736225E-021
462,9.265394E-025,3.728816E-021,3.729742E-021
463,9.162755E-025,3.722366E-021,3.723283E-021
464,9.061446E-025,3.715939E-021,3.716845E-021
465,8.961452E-025,3.709534E-021,3.710431E-021
466,8.862752E-025,3.703152E-021,3.704038E-021
467,8.765326E-025,3.696793E-021,3.697669E-021
468,8.669156E-025,3.690455E-021,3.691321E-021
469,8.574223E-025,3.684139E-021,3.684996E-021
470,8.480510E-025,3.677845E-021,3.678694E-021
471,8.387998E-025,3.671573E-021,3.672412E-021
472,8.296669E-025,3.665323E-021,3.666153E-021
473,8.206506E-025,3.659095E-021,3.659916E-021
474,8.117493E-025,3.652887E-021,3.653699E-021
475,8.029612E-025,3.646702E-021,3.647505E-021
476,7.942846E-025,3.640537E-021,3.641332E-021
477,7.857180E-025,3.634394E-021,3.635180E-021
478,7.772598E-025,3.628272E-021,3.629049E-021
479,7.689084E-025,3.622171E-021,3.622940E-021
480,7.606623E-025,3.616091E-021,3.616851E-021
481,7.525198E-025,3.610031E-021,3.610784E-021
482,7.444796E-025,3.603992E-021,3.604736E-021
483,7.365401E-025,3.597974E-021,3.598711E-021
484,7.287001E-025,3.591976E-021,3.592704E-021
485,7.209578E-025,3.585998E-021,3.586719E-021
486,7.133121E-025,3.580041E-021,3.580754E-021
487,7.057615E-025,3.574103E-021,3.574809E-021
488,6.983046E-025,3.568186E-021,3.568884E-021
489,6.909402E-025,3.562289E-021,3.562980E-021
490,6.836668E-025,3.556411E-021,3.557095E-021
491,6.764834E-025,3.550553E-021,3.551230E-021
492,6.693885E-025,3.544715E-021,3.545384E-021
493,6.623808E-025,3.538896E-021,3.539559E-021
494,6.554592E-025,3.533097E-021,3.533753E-021
495,6.486225E-025,3.527317E-021,3.527966E-021
496,6.418695E-025,3.521557E-021,3.522198E-021
497,6.351990E-025,3.515815E-021,3.516450E-021
498,6.286097E-025,3.510092E-021,3.510721E-021
499,6.221007E-025,3.504389E-021,3.505011E-021
500,6.156708E-025,3.498704E-021,3.499320E-021
501,6.093189E-025,3.493038E-021,3.493648E-021
502,6.030438E-025,3.487391E-021,3.487994E-021
503,5.968446E-025,3.481762E-021,3.482359E-021
504,5.907202E-025,3.476152E-021,3.476743E-021
505,5.846695E-025,3.470561E-021,3.471146E-021
506,5.786915E-025,3.464987E-021,3.465566E-021
507,5.727853E-025,3.459432E-021,3.460004E-021
508,5.669498E-025,3.453895E-021,3.454462E-021
509,5.611842E-025,3.448375E-021,3.448936E-021
510,5.554873E-025,3.442874E-021,3.443430E-021
511,5.498583E-025,3.437391E-021,3.437941E-021
512,5.442962E-025,3.431926E-021,3.432470E-021
513,5.388002E-025,3.426478E-021,3.427017E-021
514,5.333693E-025,3.421048E-021,3.421581E-021
515,5.280026E-025,3.415635E-021,3.416163E-021
516,5.226994E-025,3.410240E-021,3.410763E-021
517,5.174586E-025,3.404862E-021,3.405379E-021
518,5.122796E-025,3.399501E-021,3.400014E-021
519,5.071613E-025,3.394158E-021,3.394665E-021
520,5.021032E-025,3.388832E-021,3.389334E-021
521,4.971042E-025,3.383523E-021,3.384020E-021
522,4.921637E-025,3.378230E-021,3.378722E-021
523,4.872808E-025,3.372955E-021,3.373442E-021
524,4.824547E-025,3.367696E-021,3.368179E-021
525,4.776848E-025,3.362454E-021,3.362932E-021
526,4.729702E-025,3.357229E-021,3.357702E-021
527,4.683103E-025,3.352020E-021,3.352488E-021
528,4.637043E-025,3.346828E-021,3.347291E-021
529,4.591515E-025,3.341652E-021,3.342111E-021
530,4.546511E-025,3.336492E-021,3.336947E-021
531,4.502025E-025,3.331349E-021,3.331799E-021
532,4.458050E-025,3.326222E-021,3.326668E-021
533,4.414580E-025,3.321111E-021,3.321552E-021
534,4.371607E-025,3.316016E-021,3.316453E-021
535,4.329126E-025,3.310936E-021,3.311369E-021
536,4.287129E-025,3.305873E-021,3.306301E-021
537,4.245611E-025,3.300825E-021,3.301250E-021
538,4.204565E-025,3.295794E-021,3.296214E-021
539,4.163985E-025,3.290777E-021,3.291194E-021
540,4.123864E-025,3.285777E-021,3.286189E-021
541,4.084198E-025,3.280792E-021,3.281200E-021
542,4.044980E-025,3.275822E-021,3.276227E-021
543,4.006203E-025,3.270868E-021,3.271268E-021
544,3.967864E-025,3.265928E-021,3.266325E-021
545,3.929956E-025,3.261004E-021,3.261397E-021
546,3.892472E-025,3.256096E-021,3.256485E-021
547,3.855409E-025,3.251202E-021,3.251588E-021
548,3.818760E-025,3.246323E-021,3.246705E-021
549,3.782520E-025,3.241460E-021,3.241838E-021
550,3.746684E-025,3.236611E-021,3.236986E-021
551,3.711247E-025,3.231777E-021,3.232148E-021
552,3.676204E-025,3.226958E-021,3.227325E-021
553,3.641549E-025,3.222153E-021,3.222517E-021
554,3.607278E-025,3.217363E-021,3.217723E-021
555,3.573386E-025,3.212587E-021,3.212945E-021
556,3.539868E-025,3.207826E-021,3.208180E-021
557,3.506719E-025,3.203080E-021,3.203430E-021
558,3.473935E-025,3.198347E-021,3.198695E-021
559,3.441511E-025,3.193629E-021,3.193973E-021
560,3.409442E-025,3.188925E-021,3.189266E-021
561,3.377724E-025,3.184235E-021,3.184573E-021
562,3.346353E-025,3.179560E-021,3.179895E-021
563,3.315325E-025,3.174898E-021,3.175230E-021
564,3.284634E-025,3.170250E-021,3.170579E-021
565,3.254277E-025,3.165616E-021,3.165942E-021
566,3.224250E-025,3.160996E-021,3.161319E-021
567,3.194548E-025,3.156390E-021,3.156710E-021
568,3.165168E-025,3.151798E-021,3.152114E-021
569,3.136105E-025,3.147219E-021,3.147532E-021
570,3.107356E-025,3.142654E-021,3.142964E-021
571,3.078916E-025,3.138102E-021,3.138409E-021
572,3.050782E-025,3.133563E-021,3.133868E-021
573,3.022950E-025,3.129038E-021,3.129341E-021
574,2.995417E-025,3.124527E-021,3.124826E-021
575,2.968178E-025,3.120029E-021,3.120325E-021
576,2.941231E-025,3.115543E-021,3.115837E-021
577,2.914570E-025,3.111071E-021,3.111363E-021
578,2.888194E-025,3.106612E-021,3.106901E-021
579,2.862098E-025,3.102167E-021,3.102453E-021
580,2.836280E-025,3.097734E-021,3.098018E-021
581,2.810735E-025,3.093314E-021,3.093595E-021
582,2.785460E-025,3.088907E-021,3.089186E-021
583,2.760452E-025,3.084513E-021,3.084789E-021
584,2.735709E-025,3.080132E-021,3.080405E-021
585,2.711226E-025,3.075763E-021,3.076034E-021
586,2.687000E-025,3.071407E-021,3.071676E-021
587,2.663029E-025,3.067064E-021,3.067330E-021
588,2.639309E-025,3.062733E-021,3.062996E-021
589,2.615838E-025,3.058414E-021,3.058676E-021
590,2.592612E-025,3.054108E-021,3.054368E-021
591,2.569628E-025,3.049815E-021,3.050072E-021
592,2.546884E-025,3.045533E-021,3.045788E-021
593,2.524376E-025,3.041264E-021,3.041517E-021
594,2.502102E-025,3.037008E-021,3.037258E-021
595,2.480059E-025,3.032763E-021,3.033011E-021
596,2.458245E-025,3.028531E-021,3.028777E-021
597,2.436656E-025,3.024310E-021,3.024554E-021
598,2.415289E-025,3.020102E-021,3.020344E-021
599,2.394143E-025,3.015906E-021,3.016145E-021
600,2.373215E-025,3.011721E-021,3.011958E-021
601,2.352502E-025,3.007549E-021,3.007784E-021
602,2.332001E-025,3.003388E-021,3.003621E-021
603,2.311710E-025,2.999239E-021,2.999470E-021
604,2.291627E-025,2.995102E-021,2.995331E-021
605,2.271749E-025,2.990976E-021,2.991203E-021
606,2.252074E-025,2.986862E-021,2.987087E-021
607,2.232599E-025,2.982759E-021,2.982983E-021
608,2.213322E-025,2.978668E-021,2.978890E-021
609,2.194240E-025,2.974589E-021,2.974808E-021
610,2.175352E-025,2.970521E-021,2.970738E-021
611,2.156655E-025,2.966464E-021,2.966680E-021
612,2.138148E-025,2.962419E-021,2.962633E-021
613,2.119827E-025,2.958385E-021,2.958597E-021
614,2.101690E-025,2.954362E-021,2.954572E-021
615,2.083736E-025,2.950350E-021,2.950559E-021
616,2.065962E-025,2.946350E-021,2.946556E-021
617,2.048367E-025,2.942360E-021,2.942565E-021
618,2.030948E-025,2.938382E-021,2.938585E-021
619,2.013702E-025,2.934414E-021,2.934616E-021
620,1.996629E-025,2.930458E-021,2.930658E-021
621,1.979727E-025,2.926512E-021,2.926710E-021
622,1.962992E-025,2.922578E-021,2.922774E-021
623,1.946424E-025,2.918654E-021,2.918849E-021
624,1.930021E-025,2.914741E-021,2.914934E-021
625,1.913780E-025,2.910838E-021,2.911030E-021
626,1.897699E-025,2.906947E-021,2.907136E-021
627,1.881778E-025,2.903066E-021,2.903254E-021
628,1.866013E-025,2.899195E-021,2.899382E-021
629,1.850404E-025,2.895335E-021,2.895520E-021
630,1.834949E-025,2.891486E-021,2.891670E-021
631,1.819645E-025,2.887647E-021,2.887829E-021
632,1.804492E-025,2.883818E-021,2.883999E-021
633,1.789486E-025,2.880000E-021,2.880179E-021
634,1.774628E-025,2.876192E-021,2.876370E-021
635,1.759915E-025,2.872395E-021,2.872571E-021
636,1.745345E-025,2.868608E-021,2.868782E-021
637,1.730917E-025,2.864831E-021,2.865004E-021
638,1.716629E-025,2.861064E-021,2.861236E-021
639,1.702480E-025,2.857307E-021,2.857478E-021
640,1.688469E-025,2.853561E-021,2.853729E-021
641,1.674592E-025,2.849824E-021,2.849992E-021
642,1.660850E-025,2.846098E-021,2.846264E-021
643,1.647241E-025,2.842381E-021,2.842546E-021
644,1.633763E-025,2.838674E-021,2.838838E-021
645,1.620415E-025,2.834978E-021,2.835140E-021
646,1.607194E-025,2.831291E-021,2.831451E-021
647,1.594101E-025,2.827614E-021,2.827773E-021
648,1.581133E-025,2.823946E-021,2.824104E-021
649,1.568290E-025,2.820289E-021,2.820446E-021
650,1.555569E-025,2.816641E-021,2.816796E-021
651,1.542969E-025,2.813003E-021,2.813157E-021
652,1.530490E-025,2.809374E-021,2.809527E-021
653,1.518129E-025,2.805755E-021,2.805906E-021
654,1.505886E-025,2.802145E-021,2.802296E-021
655,1.493758E-025,2.798545E-021,2.798695E-021
656,1.481746E-025,2.794955E-021,2.795103E-021
657,1.469847E-025,2.791373E-021,2.791521E-021
658,1.458061E-025,2.787802E-021,2.787948E-021
659,1.446386E-025,2.784239E-021,2.784384E-021
660,1.434821E-025,2.780686E-021,2.780830E-021
661,1.423365E-025,2.777143E-021,2.777285E-021
662,1.412017E-025,2.773608E-021,2.773749E-021
663,1.400774E-025,2.770083E-021,2.770223E-021
664,1.389638E-025,2.766566E-021,2.766705E-021
665,1.378605E-025,2.763059E-021,2.763197E-021
666,1.367675E-025,2.759561E-021,2.759698E-021
667,1.356848E-025,2.756073E-021,2.756208E-021
668,1.346121E-025,2.752593E-021,2.752727E-021
669,1.335494E-025,2.749122E-021,2.749255E-021
670,1.324966E-025,2.745660E-021,2.745793E-021
671,1.314535E-025,2.742207E-021,2.742338E-021
672,1.304201E-025,2.738763E-021,2.738893E-021
673,1.293963E-025,2.735328E-021,2.735457E-021
674,1.283819E-025,2.731901E-021,2.732030E-021
675,1.273769E-025,2.728484E-021,2.728611E-021
676,1.263811E-025,2.725075E-021,2.725201E-021
677,1.253946E-025,2.721675E-021,2.721800E-021
678,1.244170E-025,2.718283E-021,2.718408E-021
679,1.234485E-025,2.714900E-021,2.715024E-021
680,1.224888E-025,2.711526E-021,2.711649E-021
681,1.215379E-025,2.708161E-021,2.708282E-021
682,1.205956E-025,2.704804E-021,2.704924E-021
683,1.196620E-025,2.701455E-021,2.701575E-021
684,1.187369E-025,2.698115E-021,2.698234E-021
685,1.178202E-025,2.694783E-021,2.694901E-021
686,1.169118E-025,2.691460E-021,2.691577E-021
687,1.160117E-025,2.688145E-021,2.688261E-021
688,1.151197E-025,2.684839E-021,2.684954E-021
689,1.142358E-025,2.681541E-021,2.681655E-021
690,1.133599E-025,2.678251E-021,2.678364E-021
691,1.124919E-025,2.674970E-021,2.675082E-021
692,1.116317E-025,2.671697E-021,2.671808E-021
693,1.107793E-025,2.668431E-021,2.668542E-021
694,1.099345E-025,2.665174E-021,2.665284E-021
695,1.090973E-025,2.661926E-021,2.662035E-021
696,1.082676E-025,2.658685E-021,2.658793E-021
697,1.074454E-025,2.655453E-021,2.655560E-021
698,1.066305E-025,2.652228E-021,2.652334E-021
699,1.058228E-025,2.649011E-021,2.649117E-021
700,1.050224E-025,2.645803E-021,2.645908E-021
701,1.042291E-025,2.642603E-021,2.642707E-021
702,1.034428E-025,2.639410E-021,2.639513E-021
703,1.026635E-025,2.636225E-021,2.636328E-021
704,1.018912E-025,2.633048E-021,2.633150E-021
705,1.011257E-025,2.629879E-021,2.629980E-021
706,1.003669E-025,2.626718E-021,2.626818E-021
707,9.961487E-026,2.623564E-021,2.623664E-021
708,9.886947E-026,2.620419E-021,2.620518E-021
709,9.813062E-026,2.617281E-021,2.617379E-021
710,9.739828E-026,2.614151E-021,2.614248E-021
711,9.667236E-026,2.611028E-021,2.611125E-021
712,9.595283E-026,2.607913E-021,2.608009E-021
713,9.523959E-026,2.604806E-021,2.604901E-021
714,9.453260E-026,2.601706E-021,2.601801E-021
715,9.383179E-026,2.598614E-021,2.598708E-021
716,9.313709E-026,2.595529E-021,2.595622E-021
717,9.244845E-026,2.592452E-021,2.592545E-021
718,9.176581E-026,2.589383E-021,2.589474E-021
719,9.108910E-026,2.586320E-021,2.586411E-021
720,9.041826E-026,2.583265E-021,2.583356E-021
721,8.975325E-026,2.580218E-021,2.580308E-021
722,8.909399E-026,2.577178E-021,2.577267E-021
723,8.844043E-026,2.574145E-021,2.574234E-021
724,8.779253E-026,2.571120E-021,2.571208E-021
725,8.715021E-026,2.568102E-021,2.568189E-021
726,8.651342E-026,2.565091E-021,2.565178E-021
727,8.588212E-026,2.562087E-021,2.562173E-021
728,8.525623E-026,2.559091E-021,2.559176E-021
729,8.463573E-026,2.556102E-021,2.556186E-021
730,8.402053E-026,2.553120E-021,2.553204E-021
731,8.341060E-026,2.550145E-021,2.550228E-021
732,8.280588E-026,2.547177E-021,2.547260E-021
733,8.220634E-026,2.544216E-021,2.544298E-021
734,8.161190E-026,2.541262E-021,2.541344E-021
735,8.102252E-026,2.538316E-021,2.538397E-021
736,8.043817E-026,2.535376E-021,2.535457E-021
737,7.985876E-026,2.532444E-021,2.532523E-021
738,7.928429E-026,2.529518E-021,2.529597E-021
739,7.871466E-026,2.526599E-021,2.526678E-021
740,7.814987E-026,2.523687E-021,2.523765E-021
741,7.758984E-026,2.520782E-021,2.520859E-021
742,7.703455E-026,2.517884E-021,2.517961E-021
743,7.648393E-026,2.514992E-021,2.515069E-021
744,7.593794E-026,2.512108E-021,2.512184E-021
745,7.539655E-026,2.509230E-021,2.509305E-021
746,7.485972E-026,2.506359E-021,2.506434E-021
747,7.432737E-026,2.503495E-021,2.503569E-021
748,7.379949E-026,2.500637E-021,2.500711E-021
749,7.327602E-026,2.497786E-021,2.497860E-021
750,7.275692E-026,2.494942E-021,2.495015E-021
751,7.224216E-026,2.492104E-021,2.492177E-021
752,7.173170E-026,2.489274E-021,2.489345E-021
753,7.122546E-026,2.486449E-021,2.486520E-021
754,7.072345E-026,2.483631E-021,2.483702E-021
755,7.022561E-026,2.480820E-021,2.480890E-021
756,6.973188E-026,2.478015E-021,2.478085E-021
757,6.924225E-026,2.475217E-021,2.475286E-021
758,6.875668E-026,2.472425E-021,2.472494E-021
759,6.827510E-026,2.469640E-021,2.469708E-021
760,6.779751E-026,2.466861E-021,2.466929E-021
761,6.732385E-026,2.464089E-021,2.464156E-021
762,6.685409E-026,2.461323E-021,2.461389E-021
763,6.638819E-026,2.458563E-021,2.458629E-021
764,6.592611E-026,2.455810E-021,2.455875E-021
765,6.546782E-026,2.453062E-021,2.453128E-021
766,6.501329E-026,2.450322E-021,2.450387E-021
767,6.456248E-026,2.447587E-021,2.447652E-021
768,6.411534E-026,2.444859E-021,2.444923E-021
769,6.367186E-026,2.442137E-021,2.442201E-021
770,6.323198E-026,2.439421E-021,2.439484E-021
771,6.279569E-026,2.436712E-021,2.436775E-021
772,6.236296E-026,2.434008E-021,2.434071E-021
773,6.193372E-026,2.431311E-021,2.431373E-021
774,6.150797E-026,2.428620E-021,2.428682E-021
775,6.108567E-026,2.425935E-021,2.425996E-021
776,6.066678E-026,2.423256E-021,2.423317E-021
777,6.025128E-026,2.420583E-021,2.420643E-021
778,5.983913E-026,2.417917E-021,2.417976E-021
779,5.943031E-026,2.415256E-021,2.415315E-021
780,5.902477E-026,2.412601E-021,2.412660E-021
781,5.862250E-026,2.409952E-021,2.410011E-021
782,5.822345E-026,2.407309E-021,2.407367E-021
783,5.782762E-026,2.404672E-021,2.404730E-021
784,5.743494E-026,2.402041E-021,2.402099E-021
785,5.704540E-026,2.399416E-021,2.399473E-021
786,5.665899E-026,2.396797E-021,2.396854E-021
787,5.627565E-026,2.394184E-021,2.394240E-021
788,5.589538E-026,2.391576E-021,2.391632E-021
789,5.551813E-026,2.388975E-021,2.389030E-021
790,5.514388E-026,2.386379E-021,2.386434E-021
791,5.477260E-026,2.383789E-021,2.383843E-021
792,5.440427E-026,2.381204E-021,2.381259E-021
793,5.403886E-026,2.378626E-021,2.378680E-021
794,5.367634E-026,2.376053E-021,2.376107E-021
795,5.331669E-026,2.373486E-021,2.373539E-021
796,5.295987E-026,2.370925E-021,2.370978E-021
797,5.260587E-026,2.368369E-021,2.368421E-021
798,5.225466E-026,2.365819E-021,2.365871E-021
799,5.190622E-026,2.363274E-021,2.363326E-021
800,5.156051E-026,2.360736E-021,2.360787E-021
801,5.121751E-026,2.358202E-021,2.358254E-021
802,5.087720E-026,2.355674E-021,2.355725E-021
803,5.053956E-026,2.353152E-021,2.353203E-021
804,5.020456E-026,2.350636E-021,2.350686E-021
805,4.987218E-026,2.348125E-021,2.348175E-021
806,4.954238E-026,2.345619E-021,2.345669E-021
807,4.921516E-026,2.343119E-021,2.343168E-021
808,4.889049E-026,2.340624E-021,2.340673E-021
809,4.856834E-026,2.338135E-021,2.338184E-021
810,4.824869E-026,2.335651E-021,2.335700E-021
811,4.793153E-026,2.333173E-021,2.333221E-021
812,4.761682E-026,2.330700E-021,2.330748E-021
813,4.730454E-026,2.328233E-021,2.328280E-021
814,4.699468E-026,2.325770E-021,2.325817E-021
815,4.668721E-026,2.323314E-021,2.323360E-021
816,4.638211E-026,2.320862E-021,2.320908E-021
817,4.607937E-026,2.318416E-021,2.318462E-021
818,4.577895E-026,2.315975E-021,2.316021E-021
819,4.548084E-026,2.313539E-021,2.313585E-021
820,4.518502E-026,2.311109E-021,2.311154E-021
821,4.489146E-026,2.308684E-021,2.308728E-021
822,4.460016E-026,2.306264E-021,2.306308E-021
823,4.431108E-026,2.303849E-021,2.303893E-021
824,4.402421E-026,2.301439E-021,2.301483E-021
825,4.373953E-026,2.299035E-021,2.299079E-021
826,4.345702E-026,2.296636E-021,2.296679E-021
827,4.317667E-026,2.294242E-021,2.294285E-021
828,4.289843E-026,2.291853E-021,2.291896E-021
829,4.262232E-026,2.289469E-021,2.289511E-021
830,4.234830E-026,2.287090E-021,2.287132E-021
831,4.207636E-026,2.284716E-021,2.284758E-021
832,4.180648E-026,2.282347E-021,2.282389E-021
833,4.153864E-026,2.279984E-021,2.280026E-021
834,4.127282E-026,2.277625E-021,2.277666E-021
835,4.100901E-026,2.275272E-021,2.275313E-021
836,4.074718E-026,2.272923E-021,2.272964E-021
837,4.048732E-026,2.270579E-021,2.270620E-021
838,4.022943E-026,2.268241E-021,2.268281E-021
839,3.997346E-026,2.265907E-021,2.265947E-021
840,3.971941E-026,2.263578E-021,2.263618E-021
841,3.946727E-026,2.261254E-021,2.261294E-021
842,3.921702E-026,2.258935E-021,2.258975E-021
843,3.896863E-026,2.256621E-021,2.256660E-021
844,3.872210E-026,2.254312E-021,2.254351E-021
845,3.847741E-026,2.252007E-021,2.252046E-021
846,3.823455E-026,2.249708E-021,2.249746E-021
847,3.799349E-026,2.247413E-021,2.247451E-021
848,3.775422E-026,2.245123E-021,2.245161E-021
849,3.751673E-026,2.242838E-021,2.242876E-021
850,3.728100E-026,2.240558E-021,2.240595E-021
851,3.704701E-026,2.238282E-021,2.238319E-021
852,3.681476E-026,2.236011E-021,2.236048E-021
853,3.658423E-026,2.233745E-021,2.233782E-021
854,3.635539E-026,2.231484E-021,2.231520E-021
855,3.612825E-026,2.229227E-021,2.229263E-021
856,3.590278E-026,2.226975E-021,2.227011E-021
857,3.567896E-026,2.224728E-021,2.224763E-021
858,3.545679E-026,2.222485E-021,2.222520E-021
859,3.523626E-026,2.220246E-021,2.220282E-021
860,3.501734E-026,2.218013E-021,2.218048E-021
861,3.480002E-026,2.215784E-021,2.215819E-021
862,3.458430E-026,2.213560E-021,2.213594E-021
863,3.437015E-026,2.211340E-021,2.211374E-021
864,3.415756E-026,2.209125E-021,2.209159E-021
865,3.394653E-026,2.206915E-021,2.206949E-021
866,3.373703E-026,2.204709E-021,2.204742E-021
867,3.352906E-026,2.202507E-021,2.202541E-021
868,3.332260E-026,2.200310E-021,2.200344E-021
869,3.311764E-026,2.198118E-021,2.198151E-021
870,3.291416E-026,2.195929E-021,2.195962E-021
871,3.271216E-026,2.193746E-021,2.193779E-021
872,3.251162E-026,2.191567E-021,2.191600E-021
873,3.231253E-026,2.189392E-021,2.189425E-021
874,3.211488E-026,2.187222E-021,2.187254E-021
875,3.191866E-026,2.185056E-021,2.185088E-021
876,3.172385E-026,2.182895E-021,2.182927E-021
877,3.153044E-026,2.180738E-021,2.180769E-021
878,3.133842E-026,2.178586E-021,2.178617E-021
879,3.114778E-026,2.176437E-021,2.176468E-021
880,3.095851E-026,2.174293E-021,2.174324E-021
881,3.077059E-026,2.172154E-021,2.172184E-021
882,3.058402E-026,2.170018E-021,2.170049E-021
883,3.039879E-026,2.167888E-021,2.167918E-021
884,3.021487E-026,2.165761E-021,2.165791E-021
885,3.003227E-026,2.163639E-021,2.163669E-021
886,2.985097E-026,2.161520E-021,2.161550E-021
887,2.967096E-026,2.159406E-021,2.159436E-021
888,2.949223E-026,2.157297E-021,2.157326E-021
889,2.931477E-026,2.155192E-021,2.155221E-021
890,2.913857E-026,2.153090E-021,2.153119E-021
891,2.896362E-026,2.150994E-021,2.151022E-021
892,2.878991E-026,2.148901E-021,2.148929E-021
893,2.861743E-026,2.146812E-021,2.146841E-021
894,2.844617E-026,2.144728E-021,2.144756E-021
895,2.827611E-026,2.142647E-021,2.142676E-021
896,2.810726E-026,2.140571E-021,2.140599E-021
897,2.793959E-026,2.138499E-021,2.138527E-021
898,2.777310E-026,2.136431E-021,2.136459E-021
899,2.760779E-026,2.134368E-021,2.134395E-021
900,2.744363E-026,2.132308E-021,2.132336E-021
901,2.728063E-026,2.130252E-021,2.130280E-021
902,2.711876E-026,2.128201E-021,2.128228E-021
903,2.695803E-026,2.126153E-021,2.126180E-021
904,2.679842E-026,2.124110E-021,2.124137E-021
905,2.663993E-026,2.122071E-021,2.122097E-021
906,2.648255E-026,2.120035E-021,2.120062E-021
907,2.632626E-026,2.118004E-021,2.118030E-021
908,2.617106E-026,2.115977E-021,2.116003E-021
909,2.601693E-026,2.113953E-021,2.113979E-021
910,2.586388E-026,2.111934E-021,2.111960E-021
911,2.571190E-026,2.109918E-021,2.109944E-021
912,2.556096E-026,2.107907E-021,2.107933E-021
913,2.541107E-026,2.105899E-021,2.105925E-021
914,2.526222E-026,2.103896E-021,2.103921E-021
915,2.511439E-026,2.101896E-021,2.101921E-021
916,2.496759E-026,2.099900E-021,2.099925E-021
917,2.482179E-026,2.097908E-021,2.097933E-021
918,2.467701E-026,2.095920E-021,2.095945E-021
919,2.453321E-026,2.093936E-021,2.093960E-021
920,2.439041E-026,2.091956E-021,2.091980E-021
921,2.424859E-026,2.089979E-021,2.090003E-021
922,2.410774E-026,2.088006E-021,2.088030E-021
923,2.396785E-026,2.086038E-021,2.086062E-021
924,2.382893E-026,2.084073E-021,2.084096E-021
925,2.369095E-026,2.082111E-021,2.082135E-021
926,2.355392E-026,2.080154E-021,2.080177E-021
927,2.341782E-026,2.078200E-021,2.078224E-021
928,2.328264E-026,2.076250E-021,2.076274E-021
929,2.314839E-026,2.074304E-021,2.074328E-021
930,2.301505E-026,2.072362E-021,2.072385E-021
931,2.288262E-026,2.070423E-021,2.070446E-021
932,2.275109E-026,2.068489E-021,2.068511E-021
933,2.262045E-026,2.066557E-021,2.066580E-021
934,2.249069E-026,2.064630E-021,2.064652E-021
935,2.236181E-026,2.062706E-021,2.062729E-021
936,2.223381E-026,2.060786E-021,2.060808E-021
937,2.210667E-026,2.058869E-021,2.058891E-021
938,2.198038E-026,2.056957E-021,2.056979E-021
939,2.185495E-026,2.055047E-021,2.055069E-021
940,2.173036E-026,2.053142E-021,2.053164E-021
941,2.160661E-026,2.051240E-021,2.051262E-021
942,2.148369E-026,2.049342E-021,2.049363E-021
943,2.136160E-026,2.047447E-021,2.047469E-021
944,2.124032E-026,2.045556E-021,2.045577E-021
945,2.111986E-026,2.043669E-021,2.043690E-021
946,2.100020E-026,2.041785E-021,2.041806E-021
947,2.088135E-026,2.039905E-021,2.039925E-021
948,2.076328E-026,2.038028E-021,2.038049E-021
949,2.064601E-026,2.036154E-021,2.036175E-021
950,2.052951E-026,2.034285E-021,2.034305E-021
951,2.041380E-026,2.032419E-021,2.032439E-021
952,2.029885E-026,2.030556E-021,2.030577E-021
953,2.018466E-026,2.028697E-021,2.028717E-021
954,2.007123E-026,2.026841E-021,2.026861E-021
955,1.995856E-026,2.024989E-021,2.025009E-021
956,1.984663E-026,2.023140E-021,2.023160E-021
957,1.973544E-026,2.021295E-021,2.021315E-021
958,1.962499E-026,2.019453E-021,2.019473E-021
959,1.951527E-026,2.017615E-021,2.017635E-021
960,1.940627E-026,2.015780E-021,2.015800E-021
961,1.929799E-026,2.013949E-021,2.013968E-021
962,1.919042E-026,2.012121E-021,2.012140E-021
963,1.908356E-026,2.010296E-021,2.010315E-021
964,1.897740E-026,2.008475E-021,2.008494E-021
965,1.887194E-026,2.006657E-021,2.006676E-021
966,1.876717E-026,2.004843E-021,2.004861E-021
967,1.866308E-026,2.003031E-021,2.003050E-021
968,1.855968E-026,2.001224E-021,2.001242E-021
969,1.845695E-026,1.999419E-021,1.999438E-021
970,1.835490E-026,1.997618E-021,1.997637E-021
971,1.825351E-026,1.995821E-021,1.995839E-021
972,1.815278E-026,1.994026E-021,1.994044E-021
973,1.805271E-026,1.992235E-021,1.992253E-021
974,1.795329E-026,1.990447E-021,1.990465E-021
975,1.785451E-026,1.988663E-021,1.988681E-021
976,1.775638E-026,1.986882E-021,1.986900E-021
977,1.765888E-026,1.985104E-021,1.985121E-021
978,1.756201E-026,1.983329E-021,1.983347E-021
979,1.746577E-026,1.981558E-021,1.981575E-021
980,1.737016E-026,1.979790E-021,1.979807E-021
981,1.727516E-026,1.978025E-021,1.978042E-021
982,1.718078E-026,1.976263E-021,1.976280E-021
983,1.708700E-026,1.974505E-021,1.974522E-021
984,1.699382E-026,1.972749E-021,1.972766E-021
985,1.690125E-026,1.970997E-021,1.971014E-021
986,1.680927E-026,1.969249E-021,1.969265E-021
987,1.671789E-026,1.967503E-021,1.967520E-021
988,1.662709E-026,1.965760E-021,1.965777E-021
989,1.653687E-026,1.964021E-021,1.964038E-021
990,1.644723E-026,1.962285E-021,1.962301E-021
991,1.635816E-026,1.960552E-021,1.960569E-021
992,1.626966E-026,1.958822E-021,1.958839E-021
993,1.618173E-026,1.957096E-021,1.957112E-021
994,1.609436E-026,1.955372E-021,1.955388E-021
995,1.600754E-026,1.953652E-021,1.953668E-021
996,1.592128E-026,1.951934E-021,1.951950E-021
997,1.583556E-026,1.950220E-021,1.950236E-021
998,1.575040E-026,1.948509E-021,1.948525E-021
999,1.566577E-026,1.946801E-021,1.946816E-021
